state	expected_discomfort
exposed-1	3.4133333330956015
exposed-2	4.266666666453815
exposed-3	5.333333333142806
recovered	-0.0
symptoms-1	6.666666666496166
symptoms-2	4.9999999999910605
symptoms-3	1.6666666666664347
