state	expected_discomfort
exposed-1	0.7499999999118613
exposed-2	1.4999999998652738
exposed-3	2.9999999997940976
recovered	-0.0
symptoms-1	5.9999999996853735
symptoms-2	4.499999999982521
symptoms-3	1.4999999999995188
